date,asset_0,asset_1,asset_2
2020-01-02,-0.002057959577069779,0.00609282789765464,0.07840299470467449
2020-01-03,-0.004186385811032256,-0.009698443765434939,-0.07821411721500826
2020-01-06,-0.0077804737069248064,-0.011770694460566888,0.047152947996006445
2020-01-07,-0.0015179807367617926,0.006560120359220711,0.005850950889994211
2020-01-08,0.017480518223977004,-0.01534623270214186,-0.011013523157297866
2020-01-09,-0.0021786305345277146,-0.001736908168780693,-0.02229585445953386
2020-01-10,0.0154710006013552,0.017822930053364106,0.022259629183487784
2020-01-13,-0.0024571900724829066,0.03649953835524866,0.00698599786790699
2020-01-14,-0.004002796654859364,0.0028082409834093713,-0.006420156263490129
2020-01-15,0.011253223437280635,0.004356251973979708,0.0019526425140830028
2020-01-16,0.014857834625332966,0.015844249030111612,0.040347806114603646
2020-01-17,0.027111553451703685,0.01219888524315138,0.0025999188207492807
2020-01-20,-0.0152510722680953,0.0024531676109156297,-0.02143608477064074
2020-01-21,0.007624728867459796,0.025891051744122207,-0.033246240146660666
2020-01-22,-0.035646663198600326,-0.029171781486107995,-0.05015373491403896
2020-01-23,-0.00257482753825522,0.03315235215409795,0.058321672867634566
2020-01-24,-0.008973111959987401,-0.0005842007224295953,0.039270726531715816
2020-01-27,-0.004650809360347341,0.014571364991245117,-0.020738065332563282
2020-01-28,0.009283279774184638,-0.004074022816311862,-0.005499119810906672
2020-01-29,0.015185926914575099,0.0007851028948437921,0.0026353496607176563
2020-01-30,0.002858324923754596,0.0011147730594491811,0.0131302972383458
2020-01-31,0.008185591681875382,0.005361385743559932,-0.016168321643152184
2020-02-03,0.0032475038383263932,-0.0038970421892429163,-0.052550944303998315
2020-02-04,-0.004496004346656868,0.006877535844375338,0.008498789811735685
2020-02-05,0.0031314017521368864,0.0020450996261636156,0.005494900903412869
2020-02-06,-0.009064711395476488,-0.005265771845438971,-0.024383660823671716
2020-02-07,0.003574241042814119,0.004359639414609262,0.0024238672272682837
2020-02-10,0.0004830651304355005,-0.0016787477245251425,-0.013493691045324274
2020-02-11,-0.01665257962485689,-0.011567418883621006,-0.007721833533733569
2020-02-12,-0.0006177203061392689,-0.026808343329880246,-0.08549845855559934
2020-02-13,-0.008834062268306742,-0.005287535555603129,-0.021917429429917368
2020-02-14,0.013400739703133047,0.005487019974372398,0.06178807266392261
2020-02-17,0.0010454933336561112,-0.023704734926580207,-0.08059082496045267
2020-02-18,-0.026419015922101496,0.0148039641402129,-0.009850152211020369
2020-02-19,0.005427250579673304,0.019623184976340413,0.06355291148192554
2020-02-20,-0.0018832125853084358,-0.01295699408958495,-0.044527636486599076
2020-02-21,-0.017608082672495695,-0.02698082018609138,-0.048423758283395624
2020-02-24,-0.020163484121919928,-0.0036472412675988553,-0.04862218183112754
2020-02-25,0.019794833424269243,0.0214792670118511,-0.037799313531283074
2020-02-26,0.008327835437054842,-0.01817797566767243,-0.05844967282854319
2020-02-27,0.0019060732557738547,0.02810173838696506,0.1964120760817838
2020-02-28,0.0091945664935551,-0.005817396835312683,-0.00819506910832657
2020-03-02,-6.293282881075779e-05,0.020264784296167404,0.04721134236531421
2020-03-03,0.0028905652894108957,-0.00581950813719212,-0.008390501992574073
2020-03-04,0.005137574680291523,-0.003987236956490059,0.020483461206222797
2020-03-05,0.005922198347366292,0.012350374422870791,-0.04387377195940434
2020-03-06,-0.0037181432673143444,-0.0028186661457691997,0.03683074261011732
2020-03-09,-0.0018660097251534946,-0.026662127237080613,-0.06932072763951169
2020-03-10,-0.0026795812753213077,-0.0016038334306982538,0.0026180050626212203
2020-03-11,0.0028746390780953757,0.02448473731160572,0.023103830299388672
2020-03-12,-0.0009350666753666914,0.006737488222181565,-0.01170146456365928
2020-03-13,0.009728929720202562,-0.00892326462291737,-0.04816058727810224
2020-03-16,0.0003702920303974011,-0.013250699817863976,0.016056627401557888
2020-03-17,0.018275370776048572,0.017818728435137654,-0.03385438241576755
2020-03-18,0.006730079492072383,-0.005243554492203373,-0.01199266702111268
2020-03-19,-0.0062035757020904025,-0.014410914396529417,0.039801078851212424
2020-03-20,-0.0039996724442907805,0.01690769467974307,0.05083220558444013
2020-03-23,-0.009248697425664254,0.0279084235503535,-0.009252455923119962
2020-03-24,0.003684805298626026,0.02772863009895632,0.04427659122771899
2020-03-25,-0.00024449378282631606,-0.004858154690341454,0.0008247761127986308
2020-03-26,0.001346550267481872,0.008230463499680818,-0.029857428208930892
2020-03-27,-0.003911891370050213,0.013405291980591816,0.01912159613436426
2020-03-30,-0.010554118727420403,0.010266609476457855,-0.009915155733034697
2020-03-31,0.002418820443364389,0.0002345035743305246,0.03686741230129442
2020-04-01,-0.013363214894166586,0.010081724567329475,0.0859569036478478
2020-04-02,0.002759127973648523,-0.011219092130173247,-0.03947166704647498
2020-04-03,0.00293887616637023,0.015297870534828784,0.009040931223980753
2020-04-06,0.011534485960267737,0.004778281394790529,0.0012587029151958085
2020-04-07,0.0027733823741245,-0.0076703925530898776,-0.03399658468630862
2020-04-08,0.02329594198431173,-0.0018549516552226475,0.006101017267521991
2020-04-09,0.0006607259034530077,0.008983205448085174,0.034951793439894185
2020-04-10,-0.008463731746050529,-0.013086359918561108,-0.03283069676699324
2020-04-13,0.0020582002173088476,0.015476325775025224,0.013491908213451476
2020-04-14,-0.008458146749281359,0.0015313651271582351,0.012064715006025573
2020-04-15,-0.0057273354089668604,0.0016059946432798178,-0.04532647907368281
2020-04-16,-0.007354124092000647,-0.028285680744020714,-0.014672094304228334
2020-04-17,0.013705409363148346,-0.008053193794698599,-0.02505755171974844
2020-04-20,-0.008952374144325259,-0.001306924388066788,0.04791723957558203
2020-04-21,0.015239906208984744,-0.001268845319860712,-0.034590632711300695
2020-04-22,0.015495495073893695,-0.016159848560374557,-0.01649874089928205
2020-04-23,-0.004172355997056121,-0.0053270844209621915,-0.003948959080373515
2020-04-24,0.004010199404586023,0.013226932902590693,-0.011029338520784915
2020-04-27,0.0045309436751104215,0.010931936089945582,0.013307460953421169
2020-04-28,0.010504528547598646,-0.020914359082310097,-0.06444373139784076
2020-04-29,-0.008163469595835804,-0.0038434550707288073,-0.018822278764288325
2020-04-30,-0.00402673390895758,-0.029362755051166478,-0.044248212926854213
2020-05-01,0.01046382306305449,0.01686196799519557,-0.030853203980896415
2020-05-04,0.0015297012337169846,0.02106717670243974,0.03157303299711356
2020-05-05,0.0009988363082158447,-0.011968279822670569,-0.02189098294684022
2020-05-06,0.0003520695014482822,-0.008565266883538536,0.0018029458511532592
2020-05-07,-0.0021707435072275683,0.002474052670192961,-0.02493638386588848
2020-05-08,0.005820975181485055,0.013820345686140545,0.04138712802336375
2020-05-11,-0.0006429977087299976,-0.005314801409745162,-0.010054917128925145
2020-05-12,0.003825420075196817,0.02288199119824852,0.0440022264046771
2020-05-13,-0.0027556138221171977,0.003748491955090527,-0.002885668382965889
2020-05-14,-0.0059382763012599815,-0.0009138957662171432,0.023879957500782645
2020-05-15,-0.001538031233261239,-0.008668250267070077,0.018929840154243482
2020-05-18,0.002606505225475564,0.0014841319679810283,-0.008924522802159385
2020-05-19,-0.02197919886621813,-0.009131912333539938,-0.002111268599623961
2020-05-20,0.004047414437895025,-0.0004040055806637799,-0.030100952337768105
2020-05-21,-0.0009626473495571997,-0.006429428523184955,-0.05334476431283097
2020-05-22,-0.0004218401062981991,0.020674713031462844,0.045754470575515294
2020-05-25,-0.006808264569068578,0.012042115901664818,0.010149431698305955
2020-05-26,-0.008796431806651572,-0.004885460739571856,-0.002544921741878703
2020-05-27,0.013464630482821205,0.0040383247946571554,-0.007968981371759054
2020-05-28,0.008998403492048723,0.014393135038900384,0.018938501740255687
2020-05-29,-0.012688470060145951,0.0025269412631709898,-0.0003770180312155924
2020-06-01,0.002485365739278711,0.007755255738819633,0.012789221849023313
2020-06-02,-0.005321661356022633,-0.005887088311452571,-0.029675082579620482
2020-06-03,-0.0003645598173761533,-0.003793016080280709,0.009193155632698069
2020-06-04,0.004804832550900695,0.013676101520209372,0.019392614586788648
2020-06-05,-0.019610653320633276,-0.00563425537757789,0.010882243306208794
2020-06-08,0.011483052108250291,0.012334677298525998,-0.003978800587379316
2020-06-09,-0.0013426260922226874,0.010965875646256062,0.004638983624974058
2020-06-10,-0.006050633943530226,-0.0009038361048643306,0.05268476618207507
2020-06-11,0.0045500575588992564,0.0053528637112132404,0.035411302984154513
2020-06-12,0.005141819030716199,-0.006261975965082045,-0.011694312026312215
2020-06-15,-0.0011571164415814517,0.013961550839632686,0.025079265670401973
2020-06-16,6.0898571193845896e-05,0.009972919530598867,-0.011557681931348984
2020-06-17,0.004328432396961235,-0.0018422144547135533,-0.0015570796861552605
2020-06-18,0.007405529231451213,0.0025840008170976425,-0.0026188230779431443
2020-06-19,0.018197218784986147,0.02227546460423313,0.0014456370513082906
2020-06-22,-0.005977036391117574,3.588462339321197e-05,-0.028457809785947474
2020-06-23,0.008573153752875706,0.008175229527642713,-0.02263562857139878
2020-06-24,-0.001947980730060861,-0.008966214235629155,0.012658037290573132
2020-06-25,0.003962641609595918,0.0018742957951471961,0.006341837079579804
2020-06-26,-0.0015907130258235869,-0.0022308595424985755,0.0437628194032984
2020-06-29,-0.0012391123026664896,0.013198147385147907,-0.0250255268170938
2020-06-30,0.006793758457509291,0.005445154170769184,-0.022676262535623493
2020-07-01,-0.012029002897072205,-0.00523876694276626,-0.004254796226577984
2020-07-02,-0.0016034400322761933,-0.0009964108884620293,-0.009806316575730722
2020-07-03,-0.007257817377582909,-0.013321258237630529,0.003104482057777691
2020-07-06,0.00940810200949227,0.008338853508729649,0.02209778342837665
2020-07-07,0.006174147491196713,0.007446753886448221,-0.007888019850240235
2020-07-08,0.0028907129779691676,0.016844320805137425,-0.009202007847976312
2020-07-09,0.010648382103617182,0.012336668059462541,-0.009056424875986235
2020-07-10,0.00046576315526780654,-0.0021404123656683094,0.022133069927244398
2020-07-13,0.004596634898701435,-0.008683751609027124,-0.01952494819687245
2020-07-14,-0.0027801935809275147,-0.0011167787339637636,0.0034120354402995545
2020-07-15,0.0,0.0009785649163136512,0.04694118807422987
2020-07-16,0.00011602490559781131,-0.005549895510987168,0.014541928508582602
2020-07-17,0.00040664851046989803,-0.000315957068150019,0.032697928666004517
2020-07-20,0.012306203298778629,0.008075326938444372,9.862621233169833e-05
2020-07-21,-0.005906168602678785,-0.0021245000810612424,0.001662548831768751
2020-07-22,0.0019035961225384312,0.010505573236504029,0.005218642492307302
2020-07-23,-0.0033393911218745354,-0.00020691878098100247,-0.021731523084098314
2020-07-24,0.0034660824764212173,-0.0039037694307404447,0.020969779282747014
2020-07-27,0.00034531049746933107,-0.006555514874071355,-0.005281893495678203
2020-07-28,0.0001725454034586793,0.0017810451072548528,-0.0030563570472872392
2020-07-29,0.008055485530037432,0.009966426202998369,0.020386528392057013
2020-07-30,0.005992986072315132,0.010489635289547605,-0.007033557040173943
2020-07-31,0.009021381306807852,0.005975860138456968,-0.0432254973537064
2020-08-03,0.009165682695777555,-0.005159809108819746,-0.02981764971635026
2020-08-04,-0.012703967795805515,-0.006118845724364941,0.03497015710402862
2020-08-05,0.007787930348861716,0.020775206701416638,-0.02252568828990298
2020-08-06,0.0048719532933994,0.02557555182906457,0.010082056516856674
2020-08-07,-0.004316689727549394,0.000952613042026984,0.03827951753459802
2020-08-10,-0.012499339040698554,-0.006663296451200562,0.0031006472789958384
2020-08-11,-0.006613578561632805,-0.0020156004966791485,0.0038250458739306215
2020-08-12,-0.00533784427371875,-0.00966873090500886,-0.01411697599720807
2020-08-13,-0.002135216629927772,0.0021063104391549903,0.015346011908018431
2020-08-14,0.004221549113980538,0.012912126868707574,0.02667435264494311
2020-08-17,-0.0030521401867290576,-0.005632743183276001,0.00658083407543808
2020-08-18,0.0035234191564308404,-0.00016575576182242813,-0.0022155233598404322
2020-08-19,0.006849241842383114,-0.002252658486417869,-0.002315788147756681
2020-08-20,0.0006289597147233206,-3.323150750733639e-05,0.0016111325842673718
2020-08-21,-0.015539166512533842,-0.0031879119108625398,0.02637783858939624
2020-08-24,-0.002437690454010988,9.970017151594845e-05,0.0012617502122473923
2020-08-25,-0.022280028570819788,-0.009859522221111083,0.001313231087076927
2020-08-26,-0.0065449707879280394,-0.005180642201463415,-0.024627038366134335
2020-08-27,-0.007007493332063519,0.004328670981914806,0.00914066245943812
2020-08-28,-0.00603119018634346,0.009427903125448278,0.0020053498586631857
2020-08-31,0.0037623982017847,0.016778280659620615,0.015231899000174076
2020-09-01,-0.0012093442728408066,0.0013122170629360497,0.0015347617076681974
2020-09-02,-0.002844622603139668,-0.01752829190618954,0.0033025333532406
2020-09-03,-0.0057055804979552205,-0.018574911349390266,-0.03860484330594227
2020-09-04,0.0043953277017976244,0.0016990659280409215,0.012613531089680885
2020-09-07,-0.003646814787304331,0.012822093943390955,0.0169871810945057
2020-09-08,0.005673336936595108,0.003282280237045354,0.00226081461648886
2020-09-09,-0.0030331042719228263,-0.0007010371882731903,0.027533059916662994
2020-09-10,-0.007240021351773374,-0.017304099538192674,0.02191406322043732
2020-09-11,-0.0022063899666333597,-0.03620375794154784,-0.01743835612317879
2020-09-14,0.007432098296814349,0.0016930721658465764,0.004822778775393388
2020-09-15,-0.015364161142498833,-0.007323762350401775,-0.0074618094773734045
2020-09-16,-0.0063778348231608994,0.025467975968130663,-0.0003352887910832436
2020-09-17,-0.007789502767152512,-0.020719373202207847,0.008139621398127295
2020-09-18,0.0022612364864136314,0.019956999447391377,-0.001202850103416031
2020-09-21,0.0020677247293590106,0.015064559263262778,0.0027671424905384434
2020-09-22,0.008942302963800053,0.005936243271335684,0.013874260399496352
2020-09-23,-0.002540968216916184,0.0,-0.010231834522373306
2020-09-24,-0.0042254558798957564,-0.0021025505468725836,0.008211528565575943
2020-09-25,-0.015974769336563055,-0.004588320212827068,0.01740026730336086
2020-09-28,0.009575356850776373,0.011710852107468916,0.006652379022320076
2020-09-29,0.005716282731533351,0.02173420694834105,0.008926471099504285
2020-09-30,0.007432418293652265,0.0048226023579096555,0.030195999501915205
2020-10-01,-0.007315702435934379,0.010124435867103987,0.03212224493643445
2020-10-02,0.02341991136425281,0.0030589751150245093,-0.006711860640270406
2020-10-05,-0.0005492678423858477,-0.002660233581886162,0.0017703140411262641
2020-10-06,-0.002319957891407598,0.010897406774054152,0.03257101073349511
2020-10-07,0.001958297911580864,-0.005148641664996179,0.01753910755951127
2020-10-08,0.0021989780938775905,-0.0033314996870508207,0.12661598362581983
2020-10-09,0.010177701123303962,0.0064257499500486315,-0.006274050392506725
2020-10-12,-0.012126554112074417,0.04211411251692332,0.019078438805710585
2020-10-13,-0.0054355483590464715,0.0036513850420805127,0.03775074872979922
2020-10-14,0.00018441371522115446,0.022413962964991763,0.03431629436179362
2020-10-15,0.0008595505121014035,-0.006785015836828778,0.0849102277797451
2020-10-16,0.01576487646093927,0.01141602761123317,-0.03027499529203259
2020-10-19,-0.0032008858023998554,0.0026115039458236566,0.03571673801973452
2020-10-20,-0.002786697094534052,0.007305491502101358,0.013222297879683653
2020-10-21,-0.007108075055062835,-0.0011295862259761424,-0.006358169933862068
2020-10-22,-0.003426631319750184,0.0027673175509377312,-0.04840070953386311
2020-10-23,-0.00221024118562807,-0.003085880246494477,-0.11990303254359846
2020-10-26,0.010830105484197716,-0.015329818716034671,0.043429451929624774
2020-10-27,-0.007366042674309736,0.004927301551103769,-0.004157528824601631
2020-10-28,0.011958571214282232,0.012905152057715474,-0.02829310201599211
2020-10-29,-0.009029396429943604,-0.0019304565376874194,-0.01938224449936754
2020-10-30,-0.005198266310348809,0.0102360843127971,0.04079376842602822
2020-11-02,0.0037496613117913302,0.0006786192584029571,0.032501208284666294
2020-11-03,-0.005389199274919321,0.0063400180394967975,0.006767610267700563
2020-11-04,0.0030171584451790245,0.005391555899935119,0.03710391800920432
2020-11-05,-0.013161986515315527,-0.009559702186977992,0.017422122080461122
2020-11-06,0.006198999080117895,-0.006326679430040727,-0.041352932727292124
2020-11-09,-0.002800172239034504,0.0006813318718119632,0.006284772484400847
2020-11-10,-0.006490339131870471,-0.024355951565383616,-0.030537595031082
2020-11-11,0.0034549210904992744,0.02108122304558213,0.050900227900227524
2020-11-12,-0.023912575734528208,-0.017942672247512448,0.006833823403773698
2020-11-13,0.013788304008965024,-0.0015425900978950358,-0.04346763456194869
2020-11-16,-0.006262525979303879,-0.0017873690670513476,-0.00949773919092467
2020-11-17,0.01457762532513418,-0.019666905914558996,-0.06419876077133224
2020-11-18,0.022336614138507516,0.009844730168094395,-0.005872086315763081
2020-11-19,0.0025774393456050593,0.02676365189788843,0.04235837141187604
2020-11-20,0.005998880923976824,0.00014913104267422206,0.016363195584229162
2020-11-23,0.009492574291194655,-0.005582520446545058,-0.06095644581905246
2020-11-24,-0.002471158212341451,0.028339866576635897,0.013179927022311633
2020-11-25,0.01788620936355767,-0.009166503933828007,-0.04977243020772948
2020-11-26,0.010923051500557834,-0.03258727528610539,-0.008174578197676419
2020-11-27,0.004991532240177676,0.019218203064171657,0.018236618133556703
2020-11-30,0.010926809152846495,-0.029134899590692376,-0.050277132790258694
2020-12-01,-0.02762849174068005,-0.0033858601056672155,0.006095449446181567
2020-12-02,-0.002853151137354515,-0.012013635923421973,-0.03498927121736173
2020-12-03,-0.003219403356572892,0.023069126548719954,0.04288056302579579
2020-12-04,0.0043061955685277375,0.018057350734728583,0.07494705523716627
2020-12-07,0.0019054988028754938,0.004471884101970636,0.05761886305530961
2020-12-08,0.008439735918833291,0.023185785792309455,0.025248391499066658
2020-12-09,0.004007939847765263,-0.0035042282717492323,-0.005000275342793459
2020-12-10,0.007044362475071786,0.0020511439050401314,-0.0020947102761840197
2020-12-11,0.0044300874375764465,-0.0076910674900301235,-0.014592268383646134
2020-12-14,-0.007196242075906301,-0.008841242124599802,-0.012668840823859995
2020-12-15,0.002747312017662873,-0.004668202776238917,0.1353166841897706
2020-12-16,-0.002681673501802262,-0.01714716120458204,-0.041832696836128
2020-12-17,0.00666369077861817,-0.038388006021663035,-0.05347121367683638
2020-12-18,-0.003425954577636503,-0.007901802347929254,-0.02152337383085412
2020-12-21,0.013517398525807689,0.0005097118179420157,-0.035446567451716815
2020-12-22,-0.00494371533051452,0.0007323185830445667,0.03034195341380186
2020-12-23,-0.010630536665193313,0.0022592218700723254,0.005935024657598653
2020-12-24,-0.008525633246505238,0.010445269821082848,0.039289748931841784
2020-12-25,-0.00606596553413441,-0.04232275448221556,-0.06749107331435766
2020-12-28,-0.0054515948048126095,0.01771672530306767,0.017497758575059086
2020-12-29,-0.0044089185371971595,-0.024339202682556516,-0.01819724123253097
2020-12-30,-0.0031119961506697047,0.0022468389302368053,-0.0338278969185718
2020-12-31,-0.00798411315021752,-0.005703354292668772,0.0006227038828787723
2021-01-01,-0.002299803301902159,-0.018468075650792226,-0.05256606712507206
2021-01-04,-0.011524163063240889,0.001148381725759151,-0.014726129872195681
2021-01-05,0.028594359523893775,-0.026588344016086674,-0.012473124842489969
2021-01-06,0.004474217690938254,0.02849320904618957,0.02069905258271132
2021-01-07,0.013124929838405075,0.010549124695610201,-0.11554175561970448
2021-01-08,0.007034553639318153,0.028081690196084308,0.020805692766870276
2021-01-11,0.002910380168535065,0.008823691380105858,0.10677611383930952
2021-01-12,-0.008183575231273887,-0.007138773603279858,-0.0058395266373975074
2021-01-13,0.011060002714940786,0.015222105629907112,-0.02747919159891432
2021-01-14,-5.769776532960069e-05,-0.03895236860082851,-0.016032495024879134
2021-01-15,-0.006540988092310962,0.01556842631931965,0.03611110968421327
2021-01-18,-0.003321067657433452,-0.0163103436268498,-0.01730718642133755
2021-01-19,0.002630823055220999,0.011995334511609945,0.0161571905234128
2021-01-20,-0.00011674603754796564,0.021835075975821905,0.010845920427172029
2021-01-21,-0.012070898160426724,-0.02837318954265755,-0.029452771017468238
2021-01-22,-0.010093169677736213,-0.024274475513509364,-0.04925102969626416
2021-01-25,-0.01258123314471693,-0.00013543105755586815,0.01832566437213501
2021-01-26,0.010326410768777716,0.01854263730700878,0.053290764282768466
2021-01-27,-0.0005980743490323626,-0.0011672882384479166,0.0010407532409399955
2021-01-28,-0.006099842058029381,-0.029282352632617248,-0.05094269900666093
2021-01-29,-0.010718859616033027,-0.009631027625374045,-0.022103035296720752
2021-02-01,-0.013589772854106119,-0.0007290392185628214,-0.04136624223452856
2021-02-02,0.000496631308360751,-0.02589341485875607,-0.06997917599526948
2021-02-03,-0.019104543100655347,0.05109368605269449,0.04807345500262783
2021-02-04,0.04970293514896795,0.009232937660992091,0.011364031324829549
2021-02-05,-0.008614259931468693,0.00497802675751724,0.07477746853358713
2021-02-08,-0.0034637317690450198,-0.01285151866706813,-0.006962143345558558
2021-02-09,0.01243896319960669,0.017765658913509785,0.01795529711451649
2021-02-10,0.014695496421566201,-0.014224472722117576,-0.04614210448825773
2021-02-11,0.00593519889369909,-0.020478644895924547,-0.0011915196265851469
2021-02-12,0.016108129828027895,-0.037776684595342336,-0.04021280504200253
2021-02-15,-0.020265893893404163,-0.010971413473212399,0.02463394210323222
2021-02-16,0.0037932341548909676,0.04585838910962048,0.04193357517885765
2021-02-17,0.0017712170401096294,-0.0100866568523581,-0.024063755330148706
2021-02-18,-0.0018270720586958111,-0.019328266599888844,-0.0512345859010529
2021-02-19,0.013817523608262716,-0.012961354730212982,-0.036436802368687404
2021-02-22,0.02591894881346457,0.03874294465505557,0.046348355546253384
2021-02-23,-0.009197286345216993,0.025213024447838128,0.047812040425278646
2021-02-24,0.01306432310292438,0.002819481695872428,0.037335010469022656
2021-02-25,-0.011085762925724829,0.01764768488875168,0.03876779427650434
2021-02-26,0.005662256416679945,-0.004227203165955373,0.017417963888751054
2021-03-01,-0.004720681863057852,0.01637920498455081,0.07905243778179138
2021-03-02,-0.003771191531818374,-0.01502979855755937,0.005161136057840299
2021-03-03,0.005162063350942603,0.015392810445605809,0.014823128420135223
2021-03-04,0.009586881177904294,-0.001381066023628419,-0.003234937980317265
2021-03-05,0.005143546729387882,0.023116465215966775,0.0803450783611821
2021-03-08,-0.0005061045732310809,0.015159304078468328,0.007079858095940583
2021-03-09,0.010408549900935649,-0.004914198806961756,-0.00507475414515135
2021-03-10,-0.013141211342586723,-0.017683217211553526,-0.014981813142339484
2021-03-11,0.005416983166587563,0.0036002880148555683,0.006486599368272561
2021-03-12,-0.009652720556951988,0.017936862204259274,0.05611341298759176
2021-03-15,0.006460029870051676,-0.012985587361179718,-0.047308971544201106
2021-03-16,0.026011955272172704,-0.03660544567536772,-0.041694894294368345
2021-03-17,-0.0025790701862363763,0.006243416126307633,0.010996816105212748
2021-03-18,0.0019805519920117476,-0.014599740503490222,-0.03004944796541842
2021-03-19,-0.012519141115539645,-0.03943149739495089,-0.048328086073804455
2021-03-22,0.00033360023257689164,-0.011218090499386935,0.011291813566499442
2021-03-23,0.00422457477535465,0.019711869208497657,0.03588835603591267
2021-03-24,-0.004206802822266709,-0.02708392538849147,-0.03655231880843268
2021-03-25,-0.012451207828313327,0.0024656376623080067,0.019583733431163042
2021-03-26,0.030507503146406156,0.01703989105949444,0.023758093445249484
2021-03-29,0.004424417196829511,0.003715397931049358,-0.04955503671370076
2021-03-30,-0.0028820412310724963,-0.019381279664605677,0.03231684066245499
2021-03-31,-0.00992597295946196,-0.024144666909175716,-0.003697576672395231
2021-04-01,0.024622890311041257,0.024413728714730354,-0.006994645387893739
2021-04-02,-0.007150483235250915,-0.03740391394807274,-0.12184121881948873
2021-04-05,-0.013969983395247354,0.04810865295911815,0.005807678470473254
2021-04-06,0.007468418516761943,0.022632883103146373,-0.004537702888526063
2021-04-07,-0.01635228538285116,-0.041811917279773514,-0.007692220213591394
2021-04-08,-0.010085294742705586,0.025043375104309984,0.03695628471433299
2021-04-09,-0.001959600835410802,-0.00945648892819062,0.006988279761963367
2021-04-12,0.010713038958322763,0.029100999727612598,0.04769864576468552
2021-04-13,-0.019089821183833067,-0.043554839189052896,-0.08328615317548016
2021-04-14,-0.002206524701297563,-0.009446401086114276,-0.008737180698190294
2021-04-15,0.005443396747972784,-0.03694581874727432,-0.09072948807249681
2021-04-16,-0.0013535782852297507,0.018595824838696595,0.016427173986372612
2021-04-19,-0.005420974403238965,-0.033209561516263086,-0.08254582843646041
2021-04-20,0.00987896691790957,-0.019957765711453135,-0.008174386751047313
2021-04-21,-0.005734401476121143,0.02259643060084704,0.05712909369145702
2021-04-22,0.006955058155844185,0.0014550753636375369,-0.05875856161837267
2021-04-23,0.004155547421008654,0.02034417108799036,0.05141017778952928
2021-04-26,-0.01856622797955665,-0.04552959079641006,-0.06801379812405906
2021-04-27,-0.008888781698012882,-0.00369969322411845,-0.0005494634476534976
2021-04-28,0.017477113737392802,-0.0022910706618187726,-0.06416505716141863
2021-04-29,0.02041519211293985,0.032031814917682144,0.01656871415985961
2021-04-30,0.010922857172950717,-0.003951662352271512,-0.06925464690507588
2021-05-03,-0.009812501889023273,0.011170342248836507,0.04877737911795821
2021-05-04,-0.0008907856251448854,0.012875023475917624,0.07427138936829314
2021-05-05,0.009082690827211914,0.02760444747723967,0.07333306253742577
2021-05-06,-0.008614400504275976,-0.0050138234919423486,-0.001803563389055185
2021-05-07,-0.01013758853638469,0.0020230213462035795,-0.02359349020027357
2021-05-10,-0.0031513068006523426,0.007928674624186005,0.04677398003874078
2021-05-11,-0.0041207991118843434,-0.01660707743955525,-0.09219359988526965
2021-05-12,-0.0001134041045722789,-0.00470318694241445,0.0160472016783606
2021-05-13,0.010997874324734758,0.013953490006193947,0.0025460558898939833
2021-05-14,-0.005943704088432811,-0.007669823599601111,0.012474516432601446
2021-05-17,-0.02013766070163847,-0.0207832436981773,-0.008930555308462429
2021-05-18,-0.006677893856108286,-0.04456362076462017,-0.031190911234383223
2021-05-19,-0.010083885844045515,-0.042412610088404135,-0.07102153990705962
2021-05-20,-0.015338573653802756,0.009205007276598343,0.023887157055640484
2021-05-21,0.01070194567025351,0.029735207237416184,0.05482367080362738
2021-05-24,0.0005295715688879987,-0.026970221781312476,-0.08540769912654234
2021-05-25,-0.003645272133500299,0.010940169249081366,0.017174980283869212
2021-05-26,0.020948780582646487,0.024591181684207486,0.0935443480214786
2021-05-27,0.015779396880672536,-0.002403799490413583,-0.004007805884153504
2021-05-28,0.022305747923142105,0.022636322932904296,-0.004306310889948484
2021-05-31,0.014638726910313204,0.03414991783899857,0.04524889345059324
2021-06-01,-0.000932754613240272,-0.010496993855091286,-0.0032016505127857586
2021-06-02,-0.028442760232903375,-0.031748946537639156,-0.0500435578248114
2021-06-03,0.00028262897099962103,0.01473797093698792,-0.01793718238090891
2021-06-04,0.002937856607623246,-0.013179106169741606,-0.017579227799377373
2021-06-07,0.011323725387861083,0.010707326419538088,0.012429131666979787
2021-06-08,-0.007687198331670864,0.012597572548847857,0.025535704813974602
2021-06-09,0.0008978039503182433,0.01278282335688874,-0.005720802000385383
2021-06-10,0.001121797381638867,0.008226538015728035,0.055279044880592876
2021-06-11,-0.0012324322364972717,-0.002757094487710665,0.02543516968760029
2021-06-14,0.0003928211059447406,-0.011768626387620551,-0.06548005948146851
2021-06-15,-0.01401752899987474,-0.040981366270429365,-0.005433611636988744
2021-06-16,-0.0023314966225300715,-0.003745127596441411,0.017033448479672808
2021-06-17,0.0013679655561897874,0.005381449845605957,0.005371861218914864
2021-06-18,0.014515032734470301,0.010390592198040949,0.0073572315408600986
2021-06-21,-0.022443035233220887,-0.009621522787426784,0.001999426810217919
2021-06-22,-0.01457827207803486,0.020767041505240114,0.020716718219316865
2021-06-23,-0.00570790520325315,0.010557308191104564,0.008023464466653252
2021-06-24,0.0035146220826227648,0.009798993753727281,0.09780470722853529
2021-06-25,0.004728326004421302,-0.01691568510126018,0.0019752262198982073
2021-06-28,0.001975340298069783,-0.00587631263105004,-0.013994935471540293
2021-06-29,0.007074122539666439,-0.026774513608658124,-0.0356637312112531
2021-06-30,-0.0027636558569062997,0.06685188409442211,0.061655036992220635
2021-07-01,0.005773556151370318,0.028540911763259125,0.02212352234272652
2021-07-02,0.0018371004563084714,0.015665108991701482,0.05784976985791013
2021-07-05,-0.0034953589855438727,-0.009724440733389739,0.00042631152414229767
2021-07-06,-0.005692611882102239,-0.011474495805858687,0.011134400598203698
2021-07-07,0.009657507930090459,0.027836417214825993,0.02265568716125621
2021-07-08,-0.016037430390980822,0.004177334891314777,0.004023022853486102
2021-07-09,-0.003958269672385217,-0.0026087529648198826,-0.0663030068235908
2021-07-12,-0.005318269761708239,-0.009154684124460521,0.007819434052879659
2021-07-13,-0.00011744843573491259,0.007063003400530787,-0.024412625864385085
2021-07-14,0.0028792254136240647,0.024300687956841927,0.03890581776676605
2021-07-15,-0.020683138060148543,-0.007400988002945752,-0.026249292544206493
2021-07-16,-0.011008987015495464,0.017037585479612316,0.046750143628413676
2021-07-19,0.00477920696293066,0.005343943302706711,0.03096359891583922
2021-07-20,0.008910970565051413,-0.0025898820112429943,-0.008912075793144236
2021-07-21,5.9645894416648915e-05,-0.0026360683743406055,-0.008372333511224461
2021-07-22,-0.0048334678249405405,-0.003947519636797181,-0.0037062197211366055
2021-07-23,0.015230695892390234,-0.01385375733216787,-0.020481852686155544
2021-07-26,-0.003508284267469519,-0.029355446760133797,-0.022764022407583906
2021-07-27,-0.008711617905921676,-0.004716730445181616,0.0225584954757323
2021-07-28,-0.0033106976593604287,-0.0023510798163990376,0.002170125887066332
2021-07-29,0.009360991276503583,0.011095384365200411,-0.003455684406709514
2021-07-30,-0.01711233842954407,-0.038587172599438,-0.026953121859416895
2021-08-02,-0.0077311247268834205,-0.010667582937678,-0.01135058160727187
2021-08-03,-0.0034969189115545696,-0.008521266279920559,-0.0249982267189629
2021-08-04,-0.006710684698718383,-0.005704030334549248,-0.007526203685978228
2021-08-05,0.024792348786736973,-0.004092241125720042,0.005623955563764049
2021-08-06,-0.01572502488826366,-0.01666671089027183,-0.02507581222110289
2021-08-09,0.0027033967787675195,-0.010974043822582824,0.015580556255471167
2021-08-10,0.005454301786042004,0.019111396428330263,0.03381677109982606
2021-08-11,0.008045169146168707,0.0016661707825051941,0.01959815762903916
2021-08-12,0.0019350325254607892,0.02297694773036274,0.03602289482946186
2021-08-13,-0.00042255379880462574,0.008281368684020851,0.01581694096302666
2021-08-16,-0.026020304022217333,-0.05497861593618336,-0.04037188096320543
2021-08-17,0.02064097240255669,0.0009127028911544155,0.03587437200418364
2021-08-18,0.002550668497631303,-0.027119154394714018,0.003767273730617582
2021-08-19,0.015265382207282352,-0.002608167265724881,-0.0013168523341049454
2021-08-20,-0.007876024515925173,-0.0008989962246136463,0.018856110452001085
2021-08-23,-0.007878129250469046,-0.008465463916631943,-0.0011000625419275156
2021-08-24,-0.01024419570760815,-0.01443611679572665,-0.025685948599634356
2021-08-25,0.01776080869319485,0.00849554376947892,-0.040591728559117746
2021-08-26,0.003249347580958073,-0.01269826375041383,-0.04594757245188685
2021-08-27,-0.006117913019236587,-0.001975333934927548,0.0024698479153155706
2021-08-30,-0.0045866189131607005,-0.004379691510997263,0.02510775852537339
2021-08-31,0.00860917128945915,0.01971131546069027,0.017212112374233923
2021-09-01,-0.0110002044530505,-0.014809023590017678,-0.06810050474193607
2021-09-02,-0.007111268003940463,-0.01936841114165322,-0.011036096899372572
2021-09-03,-0.0009794355800577526,0.03366259234514102,-0.08614516909902215
2021-09-06,0.014828745785645303,0.033812473838808366,0.029042940273044104
2021-09-07,-0.003079680673969798,0.001285712726335042,-0.034597517632881325
2021-09-08,-0.019380989238782065,-0.009670950737574624,-0.011129075632041241
2021-09-09,-0.01056127964660214,-0.050852828482898405,-0.06324275500689214
2021-09-10,0.0013109453111876945,-0.021303097854753705,-0.0004931214719139376
2021-09-13,0.014462883985673969,-0.016750272009627087,-0.02897383620084637
2021-09-14,-0.0002458068112287659,0.0015083374465270083,0.003418039229395209
2021-09-15,0.015120575793023283,0.037608169135688874,0.020622332969329804
2021-09-16,-0.004177907691129135,-0.024248758892492006,-0.07545550981161053
2021-09-17,0.012951499136847788,0.03924565413397052,0.07005219876844393
2021-09-20,-0.003481867990957621,0.004083691006135037,0.003829479437051919
2021-09-21,-0.007951155455924286,-0.008469565556336267,0.008401793106927569
2021-09-22,0.0025502040615121846,-0.0013954299436926831,-0.0664744863679374
2021-09-23,0.021803523261202606,0.025280579837511974,0.03454266549727758
2021-09-24,0.013455218778258393,0.021187721072280397,-0.014875967194030837
2021-09-27,-0.0015790637298567223,0.013791810426627027,0.05287573097725584
2021-09-28,0.008786913000367047,-0.07715634512347591,0.009981122376490958
2021-09-29,0.0005806393318326108,-0.0197562660011662,0.00200319154854367
2021-09-30,0.014856899316358252,0.04022051662843129,0.015238384603380561
2021-10-01,-0.005146844262164274,-0.015856261840632824,-0.004288512900427199
2021-10-04,-0.005058362694618901,-0.017059160422309483,0.0012306146011606955
2021-10-05,-0.015367640139782424,-0.035368471040039595,-0.05636033352596026
2021-10-06,0.0017017584042928746,-0.02657891597588824,0.0015350350619269815
2021-10-07,0.004451551568767531,0.033325735109802856,-0.03641259777431871
2021-10-08,0.008747359256600307,0.02926950854295729,-0.05007952633400592
2021-10-11,0.00497174062939143,0.004388503541724376,-0.02932818513088775
2021-10-12,-0.007995717559756255,-0.01905019365949545,-0.07166757185130745
2021-10-13,0.01171333660910534,0.08226824244860875,0.07393437216942544
2021-10-14,-0.02991915079249674,0.016997194418203465,0.027527264924482875
2021-10-15,0.01571640440181632,-0.022500073398194043,-0.02561618738169713
2021-10-18,0.0027920706727699862,0.0017388484567597562,0.018172303095892017
2021-10-19,0.0062071990047603,0.0018233776799518875,-0.03857627852399581
2021-10-20,0.008070857945860155,-0.00020697211648323943,-0.020062058831236462
2021-10-21,0.007663059458957511,-0.0019032417895241682,-0.016269016527425406
2021-10-22,0.005140920070821231,0.00344072915258109,-0.06837231343190053
2021-10-25,0.004830517425560066,0.01231153316282052,0.012152311933396831
2021-10-26,0.0010745183105296263,0.010406900790779439,0.07821783885404354
2021-10-27,0.0012994114815683133,-0.0003635572214588656,-0.0018558752377418886
2021-10-28,0.0005079209403089369,-0.023152300395838155,0.0003281065208000644
2021-10-29,-0.0069929950643813354,-0.0059149759132490765,-0.011425739989130657
2021-11-01,0.010846991004994866,0.0616236252283604,0.07670184691003823
2021-11-02,0.004157138376732483,-0.0017638007063549566,0.0
2021-11-03,0.0007833643203500884,0.0012957679695504432,0.0008217959148295595
2021-11-04,-0.0005589737504987369,-0.01890042351012655,-0.06368676805520912
2021-11-05,-0.014990566859772403,-0.020303851160084596,-0.01441485156488942
2021-11-08,0.006075915641059693,-0.0030597290151428425,-0.032143331123685615
2021-11-09,0.0001693106797857613,0.01239925636245598,-0.003447430865732959
2021-11-10,-0.008239055419613561,-0.00800325439390015,0.0323454827685834
2021-11-11,0.011949234900322292,0.028889191612955223,-0.0627198857086465
2021-11-12,0.007703670301621113,0.017464698732815087,-0.04093677795344208
2021-11-15,0.003069069872750241,0.001167679878958161,-0.025784367661833008
2021-11-16,-0.01262808417264416,-0.03191819921183736,0.005548438139381551
2021-11-17,-0.010253942726191068,-0.017348643502525074,-0.047187179094365206
2021-11-18,-0.001081743888237896,-0.017328103209238388,-0.00239632976495896
2021-11-19,0.0010829153252724932,0.005614413588795664,-0.08053641461716088
2021-11-22,0.011441632273849978,0.010876653055361674,-0.0016690545895901021
2021-11-23,-0.0036579635709351743,-0.025528594174196728,-0.08882756559936855
2021-11-24,0.0025417630965920424,0.002267073693306587,-0.017550833466474902
2021-11-25,-0.0002816915811428844,-0.007414228218277641,-0.1140885333144338
2021-11-26,-0.004339746250812571,-0.010255051297725082,0.03308891531476843
2021-11-29,0.005094649642836124,0.02762984050015671,0.0808269069678893
2021-11-30,-0.005125044032921577,-0.0049374688208252415,0.011164017515666869
2021-12-01,0.008717816071014184,-0.0010008560296548286,-0.12242248574195735
2021-12-02,0.010887308627090864,-0.04374301695695604,0.05124885285593783
2021-12-03,-0.007383507060899075,-0.02963791683745931,-0.029039097760312105
2021-12-06,0.008109497340491378,0.011785202773517689,0.024651090365942707
2021-12-07,-0.02590865399406861,0.009736555497168897,0.059349011404278285
2021-12-08,-0.0023919105930216844,0.0076171404759062256,-0.007681374256751861
2021-12-09,-0.001598654225376528,0.030238027757109265,0.036769060182475055
2021-12-10,-0.005031769150737775,0.011621615069617341,0.0027592625752506095
2021-12-13,-0.003276088465688387,0.0030186656589128447,-0.009388119582672827
2021-12-14,-0.0061694570693674455,0.004681875507250632,0.07426473736900463
2021-12-15,-0.015084933737303796,-0.018889241505669174,-0.020609982513142944
2021-12-16,-0.0013547082571175872,-0.01645408790906533,-0.012501946153228194
2021-12-17,-0.004659837049932336,0.03574369429490121,0.0491468120625187
2021-12-20,-0.0025484229236761857,0.009824298962095801,0.07742468874848996
2021-12-21,0.0,-0.002225981790109466,0.0009739087975544347
2021-12-22,0.007129832361225663,-0.005908197884161082,0.003752820129427681
2021-12-23,-0.003657702857518985,0.030713610074831976,0.10967259156647335
2021-12-24,-0.003908045313664066,0.0006451872397394975,0.11000180416824756
2021-12-27,-0.037032349488715144,-0.021961597556103718,-0.06318150994943417
2021-12-28,0.00876521350172954,0.021012752392101763,0.03936155894904236
2021-12-29,0.009179049776770754,0.019934558519610457,0.047280928205116535
2021-12-30,0.003759196999979064,0.04688438433321984,0.03781489703913388
2021-12-31,-0.005617880574863232,-0.023620640881937605,0.009082654784473565
2022-01-03,-0.007593705176435761,-0.006115874118253095,0.025160537355481072
2022-01-04,0.0002448316098593306,0.04202206788392715,0.010525791279409002
2022-01-05,0.0012850513305757705,-0.003101889097281263,0.022763049555982517
2022-01-06,-0.013507819868071036,-0.011659706404408055,0.029956849516678652
2022-01-07,0.004646965556792448,-0.0019727043299345715,-0.05030873801899527
2022-01-10,0.0037005012870294784,0.0312430735548892,-0.011427700782035255
2022-01-11,-0.0043627717168237545,0.0031325462529030457,0.0750616556523096
2022-01-12,-0.016477300245363757,-0.00799274784134818,0.02384709913101113
2022-01-13,-0.007090393287904395,-0.026622686818271513,-0.05694553722096751
2022-01-14,0.02087710940206411,-0.015601795455970069,0.031033480898909227
2022-01-17,-0.014901155002575162,-0.020886606537025343,-0.05251789433835996
2022-01-18,-0.001392344964473824,-0.004590964720794899,0.017682553475729224
2022-01-19,-0.0003173495003570004,0.012961847364616252,0.006024129792842503
2022-01-20,-0.011157937049437017,-0.021784515068870136,-0.025684180003413215
2022-01-21,-0.002179938765308309,0.0037719129899691506,0.0546017865369246
2022-01-24,-0.015228583671818341,-0.002958124508475213,-0.009247209573726933
2022-01-25,-0.004502182505229713,-0.012629385063978593,-0.014291975817664837
2022-01-26,-0.0007862916234242512,0.019653338894605854,-0.05853928157947319
2022-01-27,0.010298456823902846,0.016646021027325597,0.03609219282314147
2022-01-28,0.009998703296043798,0.006189075674470468,-0.020122331071529054
2022-01-31,-0.009449775596788945,-0.01058919093392996,-0.03147407730028162
2022-02-01,-0.007333498496853164,-0.0017704270099579977,-0.03041929843714275
2022-02-02,-0.011244534399265205,-0.005439468237752543,-0.04989011995084991
2022-02-03,0.002446582705240674,-0.014782804318915987,0.0030071956856769777
2022-02-04,0.009563803277707006,0.021440926579595843,0.005996271168666301
2022-02-07,0.0056188655222182415,0.027055603708923348,0.050320947926932424
2022-02-08,0.0027933557395822817,0.01783065193141442,-0.015333393227232373
2022-02-09,-0.0020731014172282736,0.04053646583622861,0.020393505108375454
2022-02-10,-0.010712332815118741,0.011694410238852537,-0.02172378153438792
2022-02-11,0.009909553507285729,-0.025766783508909707,0.017320796272765726
2022-02-14,0.0,0.005693667491884158,0.07819919143822474
2022-02-15,-0.01845466456980438,-0.005442347177818663,-0.03254381959196684
2022-02-16,0.0005297637536434419,0.01972180545932445,0.0055977366381618765
2022-02-17,0.010057532175270945,0.01048033716019181,-0.009416281069083654
2022-02-18,0.004258066575232089,-0.01493403317882247,0.007352522816861606
2022-02-21,-0.009654280690622352,-0.004160663156061228,-0.013659325116185062
2022-02-22,0.009814114186654121,0.019183895570741738,0.024789906342217005
2022-02-23,0.0007827138644287412,0.01261962488487156,0.007220929756684091
2022-02-24,0.010232787264965681,0.014962128356764692,0.06237201971890638
2022-02-25,0.01193541369365847,-0.003711234750307879,-0.061168427796826186
2022-02-28,0.010455911260329076,-0.00017423997869969732,-0.011244043709844997
2022-03-01,0.04492376253341934,-0.009889134907655195,-0.036660076287605925
2022-03-02,-0.002777527306542016,0.025532902784060285,-0.002479553165553039
2022-03-03,-0.005025678494379626,-0.007578663181238676,-0.0029720256079851515
2022-03-04,-0.00030421120299384263,-0.02266877245405552,0.012357047570192181
2022-03-07,-0.0021306342793734334,0.002333826814343576,-0.03346003653646468
2022-03-08,0.013360038141583042,0.022399250647418656,0.029688716127604264
2022-03-09,-0.0016251991446510905,-0.01276557859535521,-0.004841279860318459
2022-03-10,-0.0010250994942111458,0.009295880504744503,0.011026990735853115
2022-03-11,-0.02812827124155559,-0.0014887819420691395,-0.014595786064655836
2022-03-14,0.009440272728431509,0.00027733520303474535,-0.020183393575926356
2022-03-15,0.006460436142060599,-0.00811240485085074,-0.09745828230593856
2022-03-16,-0.00544080162626337,-0.001223035164690467,0.012822849668400638
2022-03-17,0.006085084108591765,-0.013962800702556732,-0.015325895028073244
2022-03-18,0.009164162265233422,-0.022536316548185553,-0.011565701922588656
2022-03-21,-0.015498340751374573,0.07243502484126618,-0.04306963495243776
2022-03-22,0.002337036873635956,0.032027407944153596,0.041886194740853755
2022-03-23,0.004294469987024652,0.007971948808255913,0.025719427270091355
2022-03-24,-0.0006108286579239453,-0.005532884558760109,-0.015093395194377579
2022-03-25,0.008740708694478405,-0.00049105619306411,-0.00939259874721976
2022-03-28,-0.01308839756327329,-0.003307026126324719,0.0018713932775662467
2022-03-29,-0.004543556088669409,0.003317998835159708,0.003673471985857102
2022-03-30,0.003392244548692913,0.017157358900303787,0.05496278398315546
2022-03-31,-0.002274329116499829,-0.00643822617471157,0.010172855182730478
2022-04-01,-0.007762989808852927,-0.005345618518953765,-0.015367597024416146
2022-04-04,0.0037255884137008533,0.017296233163696106,-0.0036062703657255835
2022-04-05,-0.004082925594701137,-0.007043996293296884,0.021003967520705658
2022-04-06,-0.0013044056388545888,-0.0036763828116460617,-0.023826162598143963
2022-04-07,-0.007650276513080367,0.001585826488701647,-0.009703474612936969
2022-04-08,-0.0013160738896274005,0.007368010341421316,0.001021930644472091
2022-04-11,-0.002196451750313244,0.009451254617172111,0.04407876621166107
2022-04-12,-0.003207796182001621,0.014395082026940509,0.01742780840135616
2022-04-13,0.0027131923728247465,-0.0005650759202106004,0.018373000232992265
2022-04-14,-0.00538923262232871,0.008921085723697209,0.04846228354123516
2022-04-15,-0.00038256710125617044,-0.018431828555683483,-0.01641335799687571
2022-04-18,-0.0009566781818658443,-0.004472529632622346,-0.015449266889003499
2022-04-19,-0.014362117362646476,0.038457897935526786,0.008583965973816943
2022-04-20,-0.00038866200851384036,0.021385611078124755,0.047162123329924865
2022-04-21,0.00012960437513465095,-0.005046780693289787,0.041362559242642094
2022-04-22,0.004469698765732,-0.008514388919162896,0.013770078361723614
2022-04-25,-0.0033535368594828086,0.01275932931506607,0.017604137329555458
2022-04-26,0.015724036036298683,0.008479128447009598,0.031081326211682914
2022-04-27,0.008600589626311494,0.001610096431058139,0.017011727666879306
2022-04-28,-0.0008843763901732471,-0.0067274273336520585,0.017002881015874438
2022-04-29,0.0021492984576767515,-0.030867789560337977,0.014730512862447087
2022-05-02,0.010976565748242573,0.005813473195742658,0.045820870777622646
2022-05-03,-0.0015598978130534347,0.004703902911106672,0.0406199151040636
2022-05-04,-0.0006875060090798524,0.015483913800451665,0.02221770896144215
2022-05-05,0.005253309455501398,0.007352814088666726,0.035544128242966044
2022-05-06,0.0051013012562763915,0.009123837793300282,-0.007421371317580694
2022-05-09,0.013431653088608941,0.03189660907941727,-0.0034659239799892383
2022-05-10,0.0030538785947222813,-0.01657577402028476,0.01813214052015355
2022-05-11,-0.0006089363297020478,-0.012502642980943723,0.05338912722001776
2022-05-12,-0.0015232179500191956,-0.013281799307767073,-0.054618400747766804
2022-05-13,0.010617656934909236,0.018437133168214492,0.019848894111198723
2022-05-16,-0.0008453959317608062,-0.013805729139472867,-0.030270888067223778
2022-05-17,-0.011179576125793234,-0.01916302842711748,-0.060600166336257755
2022-05-18,-0.0020781169147726652,0.018168069871908665,0.03800042956291749
2022-05-19,-0.002020784487482219,0.0038255921305725415,0.0240996896954786
2022-05-20,0.006995609312886453,-0.002381929376717551,0.004917303362650394
2022-05-23,0.008653363125794566,0.016385638165244742,0.016582481606492783
2022-05-24,-0.013110103337684809,-0.0074880349160304505,0.06895373445427366
2022-05-25,-0.003306112211954537,0.0004732219636969237,0.009506123909958086
2022-05-26,-0.007431794524195734,0.009226920461368193,-0.021028045208104085
2022-05-27,-0.01454212727479165,-0.011867556516469091,-0.007630056425625198
2022-05-30,0.0016325992425363367,-0.01598383803275838,-0.01756370459810941
2022-05-31,-0.005516666014345306,0.0019287789087856222,0.000667717084456676
2022-06-01,-0.0034675386457370116,0.014227035699508672,0.008154422401772665
2022-06-02,0.004617997251808115,0.01619204483464487,0.02172875427149612
2022-06-03,0.006674768164658174,0.007529221731463531,0.012522529912772917
2022-06-06,-0.005004036147891799,0.001419468908610666,0.03198521516746822
2022-06-07,-6.287934515536442e-05,0.039799873591086055,0.010193509901870401
2022-06-08,-0.00201195324064507,-0.012267340477835953,-0.007090702250741598
2022-06-09,0.060728461117725674,-0.02312171306700117,-0.09737009860008494
2022-06-10,0.010749419398188298,-0.008936819931772977,-0.010954754468143868
2022-06-13,0.005229636057380249,0.003897674262555384,0.03476659075024635
2022-06-14,0.007656997042767566,0.017009422461130574,-0.014048906614123058
2022-06-15,0.0019144005785949325,-0.037637667046911516,-0.0035057022016762307
2022-06-16,0.005615928550554594,-0.02087224430061041,-0.032683938680391544
2022-06-17,0.004548388480771992,0.02313140995733054,0.04196157931177735
2022-06-20,-0.03983265023173321,-0.0072405209011023874,0.00371562162326855
2022-06-21,0.008117870791965132,0.0012503378946755461,-0.023781870118334214
2022-06-22,0.006039498782883346,-0.026283158635302506,-0.02665954157355066
2022-06-23,0.0042961752831718325,-0.002564682931137985,0.020502958173047814
2022-06-24,-0.009376411112606675,0.00342840173230341,-0.02105509239416581
2022-06-27,0.024018121131677228,0.007108597743789691,-0.009493435973824349
2022-06-28,0.00046216742074611794,-0.012299169529614185,-0.006959634206558429
2022-06-29,-0.0006352224995178624,-0.011715778388484144,-0.03007606967809695
2022-06-30,-0.005200117499480905,0.00217236690479905,0.013006292021680244
2022-07-01,0.009757844821508321,-0.005945614720613834,-0.01096438608281991
2022-07-04,-0.002358496631760132,0.009438944009763528,-0.011910156448968756
2022-07-05,-0.0028827169033937006,-0.006727736019091934,-0.028361644764614224
2022-07-06,-0.0031804241989163984,-0.002428321278730605,-0.03159340830287438
2022-07-07,0.009397267850951962,-0.010986132554938188,-0.028280162722535862
2022-07-08,-0.008735069409384733,-0.0012624904191691488,-0.017014851321818125
2022-07-11,-0.029798813105037736,0.01706275720215178,0.073274828918382
2022-07-12,-0.0079473968104532,0.0018019383158418556,0.008258403978685713
2022-07-13,-0.008974917172757002,0.014079151164648307,0.01573823118710882
2022-07-14,0.0034035844325668307,-0.021498349273644246,-0.02879341090367582
2022-07-15,0.014338227328426045,0.009407132407782681,0.037167463490241914
2022-07-18,-0.011789760155218931,0.002229197439803432,0.0009640428763089126
2022-07-19,0.00012188599056628391,0.014550575591315118,0.07687791972402569
2022-07-20,-0.0035299604379076532,0.0011568838281772464,-0.0010887269121663268
2022-07-21,-0.012520680028003106,-0.0031325787241224257,0.004593198535678855
2022-07-22,-0.007422063754704,0.0027460964099546015,-0.05064318329763218
2022-07-25,0.0012464653431001338,0.014878318636419197,0.046855214011356505
2022-07-26,-0.016616992564181254,-0.002008783063552677,-0.017817428513501543
2022-07-27,0.01278414810583528,-0.008921754878113752,-0.0017068620153485314
2022-07-28,0.0033117477976045695,0.01321548063600475,-0.01188916230408743
2022-07-29,0.013079162148045498,0.010979282912793042,0.10092549928477124
2022-08-01,0.005656066864494269,-0.018257755102360163,-0.022296863386701782
2022-08-02,0.002506492367002622,0.012930811401946185,0.014281354305895722
2022-08-03,-0.0015246573831794175,0.007855711853192782,0.017471511114000693
2022-08-04,-0.013985552676783142,-0.025037117230568784,-0.005977372284481253
2022-08-05,0.006317893835799504,-0.0035127636409605367,-0.033200974462619715
2022-08-08,-0.0016618691742747993,-0.0012458209131728237,0.004598918977371191
2022-08-09,0.004377232391053365,-0.023976970841014023,-0.014671683535119606
2022-08-10,-0.0076730183283735265,-0.003865667215732449,-0.026238620989897266
2022-08-11,-0.007175650586353499,-0.007886529456837765,-0.042315182614647506
2022-08-12,-0.0014952238267199602,0.0016718366565151577,0.008616467528091087
2022-08-15,-0.007737318935175375,-0.017005600875764415,-0.011619945391094011
2022-08-16,-0.012011187710515236,0.002082289448099184,-0.014828753029631048
2022-08-17,-0.0014638630203441805,0.0027174121127264694,0.02444908475181906
2022-08-18,-0.0072027165968384654,0.006727464303736497,0.015585665483353939
2022-08-19,-0.003852640359115367,0.01916068677172378,0.005515166158101437
2022-08-22,0.001224858946244023,-0.026134311515688347,-0.020151062008054166
2022-08-23,0.0011585887548626328,0.01777353617586841,0.05934371052307452
2022-08-24,0.01041660610152051,0.0012538674403579364,-0.00425032873937603
2022-08-25,0.0031819261822001454,0.024736985439962833,0.001845841218459432
2022-08-26,0.0057092588382283704,0.0078227684469665,-0.003300907210654902
2022-08-29,-0.0011353074284550235,-0.004335753622960126,0.015211543440507347
2022-08-30,-0.013766246844586272,0.012271823824676398,-0.002389822071472425
2022-08-31,0.0009604559323470596,-0.003790173154506027,-0.015665976919941982
2022-09-01,0.0033263997407027013,-0.010357616170235118,-0.02993780718577166
2022-09-02,0.004335243908306197,0.014981855691982293,0.01115006015531006
2022-09-05,-0.009141109538332692,-0.0017436504649438467,0.0036626021631882555
2022-09-06,-0.02152613269117154,-0.00587249980351312,-0.04775363208267347
2022-09-07,-0.0026843396548130727,0.0036653618312749714,-0.09300310180733784
2022-09-08,0.004464174406745736,-0.014034542521889515,-0.036890623300491754
2022-09-09,-0.01052284216886512,0.0081118977007133,0.0004245310418349302
2022-09-12,-0.001056980857384926,0.003674343935972324,0.02093550737020089
2022-09-13,0.0022485016692812554,0.030678091412016606,-0.018935922882932887
2022-09-14,-0.016955929075815557,-0.037514276186827344,-0.031352997455599385
2022-09-15,-0.022818553642463657,0.00585544668391047,0.00748448962886572
2022-09-16,0.009820995154880885,0.02274048337037904,-0.04794984223383958
2022-09-19,0.008909657216369382,0.0023716806683864444,0.017632730628176496
2022-09-20,0.002359692711285888,0.023542654426305543,0.023999240251476817
2022-09-21,0.010424392718504372,0.006501607762128492,0.06248172039245192
2022-09-22,0.007321558420525287,0.012861618889891568,0.006635907937775798
2022-09-23,0.0023787481551311718,0.010572613270819708,-0.0031369449915676917
2022-09-26,-0.00527345415853353,0.011219309440824832,0.013271256198382764
2022-09-27,-0.0036449310889579145,0.007405787273106812,-0.00031502415940676265
2022-09-28,-0.019487930349167182,-0.006910786525803347,-0.054612601186257326
2022-09-29,-0.0011532507541407444,0.024896502096865225,0.022240205086035525
2022-09-30,0.0025808112690623997,-0.00808820936968746,0.04220830689495392
2022-10-03,0.00020323842896807776,0.009790576289314679,0.06123998273248876
2022-10-04,0.007720600269934819,0.00040593515505138456,0.022871793909364557
2022-10-05,0.008736496173584296,0.017583329687389737,-0.038090924639652135
2022-10-06,-0.0020654250238777427,-0.016800938337856897,0.0030395424675642158
2022-10-07,0.008815623956273333,0.02052197370994313,0.005548455120893081
2022-10-10,0.008071544162078448,-0.011578146629656616,0.023769060694616817
2022-10-11,-0.001985108181002837,0.012812646242187364,-0.028980059381488954
2022-10-12,0.011138955285102004,-0.001111593559329993,0.00529435207219775
2022-10-13,-0.00800012834087338,0.0031263712470241956,0.0026757481035388775
2022-10-14,0.0023137801071189124,0.010802712583497298,0.04506946504203557
2022-10-17,0.003165619330349534,-0.010060068390943866,-0.010457205813430348
2022-10-18,0.01676408230628823,0.00015847356687115344,-0.016629792613843564
2022-10-19,0.024052853382861672,-0.011612289242660667,-0.005206597761023168
2022-10-20,0.0031570602730042197,-0.01433887781657417,-0.01360800559009756
2022-10-21,-0.0020770385964955507,0.009156398655872922,0.013328802806870987
2022-10-24,-0.012173080246557944,-0.00998606835423077,0.002722829646282676
2022-10-25,-0.007789471820700555,0.005829875544867358,0.01366087788429815
2022-10-26,-0.006306318125548049,0.008842084297638886,0.0049455858525417895
2022-10-27,0.004144671544734857,-0.007829381466089469,-0.01681426716823431
2022-10-28,6.44783981589292e-05,0.008295153493698804,-0.011387381846063915
2022-10-31,0.004642986774997526,-2.6699978067923347e-05,0.009619842336358264
2022-11-01,0.006932398307044618,-0.022544504537583387,0.04914543063053567
2022-11-02,-0.010900668473411534,0.013117278255746267,0.009758999874367902
2022-11-03,0.0018046520878221006,0.0051790442055077435,-0.005601570686174839
2022-11-04,0.006562082288820381,0.001636842680500017,0.0203903496997484
2022-11-07,-0.02038872924532298,-0.007072938409031337,-0.03918825045959673
2022-11-08,0.01024335578550084,0.007878840216359873,0.029780693649462897
2022-11-09,0.004004078128240662,0.002784039095554691,-0.007701401626197146
2022-11-10,0.004374194257743547,0.0002137344125747731,0.01611622781987765
2022-11-11,0.001345098444346604,-0.0015748669561808093,0.018822405072142834
2022-11-14,0.0014710800598447538,0.0032347024871226537,-0.03159428430420175
2022-11-15,0.001021743586837598,0.0020250763363862667,-0.018563856087399966
2022-11-16,0.020607248754300755,-0.013748484324147214,-0.0002414583049958896
2022-11-17,0.006251056524493759,-0.000727889579753449,-0.04013364984377277
2022-11-18,-0.002112081032580204,-0.007177565139584563,-0.0021807686270334248
2022-11-21,0.0031128383334511067,-0.0005165162003171186,-0.001849229589212631
2022-11-22,0.0024825834010258063,0.018871532036586425,0.012463646412957496
2022-11-23,0.0006187554594214717,0.0029358104332248836,-0.02283214932024613
2022-11-24,0.0014849828136145327,0.01857425754352038,-0.004341182513256769
2022-11-25,-0.004448040449005708,0.004859205897972174,-0.028725319101363445
2022-11-28,0.007694791229144515,0.009983762060719492,-0.036660513098772496
2022-11-29,-0.011515517836728995,0.004633357730361887,0.004659894354722027
2022-11-30,-0.0005607700361234258,-0.0020496667143925507,-0.019826295019533036
2022-12-01,0.004862191646151759,0.01129727709924544,-0.017026203279914
2022-12-02,0.00291517787451423,0.012186934691744034,0.0014630807600990448
2022-12-05,0.004886338015594793,-0.005418149094175817,-0.015976244642273096
2022-12-06,-0.016372224619814357,0.006027490737943175,0.0016283349277841364
2022-12-07,-0.005318783588120879,0.009175474262282268,-0.006263735117226887
2022-12-08,0.0037744026427590782,0.005738102248185495,-0.12125293136804816
2022-12-09,-0.0003760618969874674,-0.002321709858035259,0.0033948152034783963
2022-12-12,-0.0008776715271106017,0.01433418445611645,0.04190991910385411
2022-12-13,-0.003702292834230292,-0.002757997100545806,0.0034567835721344142
2022-12-14,0.0008188378522306916,-0.026946093453513176,-0.02244377647032403
2022-12-15,-0.0033985120244816036,0.015594175251236075,0.008382761388752824
2022-12-16,-0.011050746859560423,0.018425923085575224,-0.0050301649114266045
2022-12-19,-0.005171997396817507,-0.013545218582153518,-0.03645365318513305
2022-12-20,0.014505731577647563,-0.00039426847509782537,0.0223130928940527
2022-12-21,-0.000506036737606741,0.02111018102315354,0.01339813963135228
2022-12-22,-0.01000145363062832,0.00014485115981011099,0.010555473441792307
2022-12-23,0.0023019606293193107,0.015551478021232912,0.021154303741671487
2022-12-26,0.006953280261725592,-0.012578748663747419,-0.028103539988478476
2022-12-27,-0.008742606131913466,-0.021528754956246288,-0.021846598116614713
2022-12-28,-0.0046652377143754364,0.009665347245561673,0.025486372853585015
2022-12-29,0.013997534547181223,-0.007155251299456822,0.06221180550417671
2022-12-30,-0.0011483708811399485,-0.00614910557840731,-0.0024943876658132247
2023-01-02,0.008367857327867156,-0.0031429233343422958,-0.030957752117438453
2023-01-03,0.0051945090251748205,-0.0015147196672385954,0.00521268473502845
2023-01-04,0.011154376178671654,0.023546900996693543,0.013554445406056326
2023-01-05,0.00866334336270036,-0.0031825271132039923,-0.027556873210526134
2023-01-06,-0.006487934653964689,-0.006823426536462174,0.03870392576202142
2023-01-09,0.0011815894729105825,-0.00014727351261167865,0.0016549741281637331
2023-01-10,0.0035409871143865512,0.0005890287352641188,0.01156560160219966
2023-01-11,-0.0010523856178173974,0.01451968231540346,-0.0007918650199801869
2023-01-12,0.004585403401654142,0.004496803231279989,0.003764585340074067
2023-01-13,-0.014063750262845343,-0.0013959724936964957,-0.07155546804023882
2023-01-16,0.0008133037083246641,-0.029572002568075684,-0.03933237971984138
2023-01-17,-0.003938145245806934,-0.0013907331399963807,-0.02323786698783792
2023-01-18,-0.0029496166666599377,0.01753329264957393,0.011951969472048907
2023-01-19,0.004091448499722317,-0.007136909826193971,-0.018527834714126334
2023-01-20,0.010719475730186723,-0.0041848089497641405,0.013858834181150304
2023-01-23,0.009365577384306656,0.026599364408986803,-0.0012938683737420131
2023-01-24,-0.010077388454952318,-0.00043343665725059655,-0.04539820808488959
2023-01-25,-0.011731665015637938,0.02437964584462371,-0.04118477639544138
2023-01-26,-0.006469646101726401,-0.020695214938389106,0.006584660456730784
2023-01-27,-0.008976984217134887,0.0021613249042207183,0.06254200201423088
2023-01-30,-0.003508680626009175,0.009800694608155247,-0.014269250195585559
2023-01-31,-0.002880743041036693,0.009064691885402265,0.025332688257929448
2023-02-01,-6.412063075578178e-05,0.00973599573455397,-0.016167575308454918
2023-02-02,-0.0033387477341985106,-0.0014673544486213386,-0.01151490226146512
2023-02-03,-6.444383407022691e-05,-0.013714518141696552,0.010536808713131895
2023-02-06,0.003543387886781879,-0.002861546605449905,0.029195349264770964
2023-02-07,0.014059286055874365,-0.0005216874336086974,0.012157391142962881
2023-02-08,0.0014560788653876777,-0.001684696911166017,-0.022465709302040393
2023-02-09,-0.0025918360184061795,0.009150925046287117,-0.003242460249155976
2023-02-10,-0.00031711410773060944,-0.007372207360647032,-0.049024062767074494
2023-02-13,-0.021999470658871645,-0.0023489470029677273,0.01050231020055925
2023-02-14,-0.01140934216819578,-0.006112517908415049,0.016213301154368365
2023-02-15,-0.0007213600375243212,0.01828260344225563,-0.036292482565110196
2023-02-16,-0.005249887484960358,-0.0021853741372757085,0.04899940648952894
2023-02-17,0.004617788196380257,0.003980179306935394,0.02254601255405486
2023-02-20,-0.013723679911327613,-0.007084369276628366,-0.028946236061948905
2023-02-21,-0.009387322173802226,0.011033163400703483,0.01653476762638495
2023-02-22,-0.00853566820087992,-0.01409100957485998,-0.020332204625772565
2023-02-23,0.0004745738162537094,-0.01957816171965665,-0.05594859487563397
2023-02-24,-0.021275169956672446,0.0022725602563318237,-0.027062145360474688
2023-02-27,0.002215316082876617,-0.006609167181256148,-0.010565868854054306
2023-02-28,0.006700357978574933,-0.018380925080335286,-0.03550983840996058
2023-03-01,0.014889469923675014,-0.012738998009177105,-0.0192088959161848
2023-03-02,0.00818054411616953,0.004610166775589564,-0.03400203941675628
2023-03-03,0.002950734041633929,0.016485569909963305,0.018514534090260826
2023-03-06,-0.006886977354862545,0.0036555656315553353,0.12061109407252757
2023-03-07,-0.011512848694424038,-0.02449503467459746,0.04965143743002587
2023-03-08,-0.004631432951551773,0.0182437119319252,-0.011105884774887609
2023-03-09,0.0046529829300168135,-0.010016681886902523,0.1530691710339953
2023-03-10,-0.015188648094114798,-0.032119350382801115,-0.05550118063944742
2023-03-13,0.04557706631039182,0.01440940194973006,-0.017950640048260635
2023-03-14,-0.008334238980592712,0.007342910738258768,0.0001110562423569661
2023-03-15,-0.004335809802663793,0.022169651214539288,0.006555235656792835
2023-03-16,-0.00462232488030756,0.016918320164327927,0.019703030064167848
2023-03-17,0.0009421582592732403,-0.010156200711012753,-0.03761635178001177
2023-03-20,0.0015464366922581796,0.0029314584796975574,-0.017378079862311324
2023-03-21,0.006042525897975715,0.00433580404574907,-0.01573946875450305
2023-03-22,0.00040032912109189134,0.005869165826047462,-0.02035238689978358
2023-03-23,0.00873871312542196,-0.0024592895203201515,0.020300339194899042
2023-03-24,0.00105801540330841,0.006864595397054973,0.03292805679333921
2023-03-27,0.008521581115629617,0.0174839167603551,-0.02005067585133169
2023-03-28,0.010545617093862036,-0.004939926715879062,0.004885285464054867
2023-03-29,0.002333319134140144,-0.0018527699564733213,0.014985188920464187
2023-03-30,-0.013885363346287649,0.012208155690144329,-0.014144086952910362
2023-03-31,-0.00019818173827990115,0.008698835358271761,0.06659050790792542
2023-04-03,0.014943125855272799,0.0034496570384436875,-0.03478030697150003
2023-04-04,-0.024755727925812265,-0.008176112151050186,-0.03536724832380789
2023-04-05,-0.018236333181448794,0.007400428864867026,0.03165649721483632
2023-04-06,-0.017622803459072967,0.00037203092501680857,-0.01389201861667555
2023-04-07,0.00041572328177164053,-0.002672393840987497,-0.0031683030189180172
2023-04-10,0.005815484004083826,-0.033786315965475655,0.014756744473008343
2023-04-11,0.009567611682557375,0.0011093756526616705,-0.003971091681523098
2023-04-12,0.007295352003443778,-0.003878325789350323,-0.0100517100545634
2023-04-13,0.0004059425643985204,0.006166516822668999,-0.008622094682395387
2023-04-14,-0.012381493314606362,0.019083545279801717,0.0013159908560766986
2023-04-17,0.003082862277844267,0.001202674552122751,0.01680001395089281
2023-04-18,0.004507488701942508,-0.0015782762967118114,-0.0025851787543875737
2023-04-19,0.0003399672806057019,0.009484554168085468,-0.020791089307163446
2023-04-20,-0.0025145099995972364,0.011241697545413487,-0.018010183238054034
2023-04-21,-0.009198800102278137,0.01936768528235211,0.03884911216309472
2023-04-24,0.0002751856730298652,0.0011789041584089333,0.029217711832219218
2023-04-25,0.0006185558360627397,0.0022419803393844973,-0.024442410719736185
2023-04-26,0.0028170306954071744,0.013105339195699006,0.052974598199923895
2023-04-27,-0.0020553765667268298,-0.0045276718189163345,-0.013764414198944475
2023-04-28,0.014624089784083916,-0.0014337629910083916,-0.017797215597047833
2023-05-01,0.006563949887540277,0.00915407413863889,0.00793075466503601
2023-05-02,0.00248723243711213,-0.004691104807892477,-0.0023495584322592578
2023-05-03,-0.012942416567430337,0.007326739240380409,0.026125557150967316
2023-05-04,-0.00251392071047829,0.0026832004490657813,0.04814512260377568
2023-05-05,-0.0069473290028319035,0.0015260565833241646,0.0053470646120412635
2023-05-08,0.0024692755752731,-0.013028520596873205,0.002330091774560339
2023-05-09,0.0019156460946834208,0.021881718294494146,0.060541719385108106
2023-05-10,-0.002799717407601765,0.005582982916916057,0.10197271435359379
2023-05-11,-0.002328267458487243,0.003244276351411335,0.06542422054051067
2023-05-12,0.0054223773859154445,0.014736095509634284,0.02082067005771515
2023-05-15,-0.006826866790757613,-0.0028231180530514655,0.005645666924397386
2023-05-16,0.010791867562068846,-0.014370228148003483,0.03712336538398886
2023-05-17,0.016184824409429366,0.0146015497942531,0.003545241645880992
2023-05-18,0.0018069953587211973,-0.024771950768816775,-0.08444127539962887
2023-05-19,0.0012024191686854646,-0.0025293778971118286,0.029871787680814776
2023-05-22,-0.004270050338105014,0.0009040032559393119,0.01776579679334911
2023-05-23,0.011859945288606566,-0.009780526159439473,0.015516142251486675
2023-05-24,0.036885288608993205,-0.013347556231272373,-0.031415644041518975
2023-05-25,-0.007408725364924207,-0.007102325922300534,0.002937608561525362
2023-05-26,-0.004696720096248663,-0.007402891959455982,-0.040243947162209914
2023-05-29,-0.0029089746497558133,0.013337678038259693,0.05146320115237035
2023-05-30,-0.012253671317732917,0.004312099288893201,-0.020396762498772203
2023-05-31,0.02579578404383609,-0.03585475762820178,-0.12334604589403697
2023-06-01,0.02149978602960867,-0.024481293688264905,0.01972310939623889
2023-06-02,0.00626419182239224,0.016419615686428246,-0.0020431189477511102
2023-06-05,-0.012948183774727062,0.003433253957442428,0.055959976710561854
2023-06-06,0.017469789046636208,-0.00892839022387626,-0.04084450985365373
2023-06-07,-0.021570782972891278,-0.01080589417196387,0.04244907202543402
2023-06-08,0.018435104059537633,-0.0029640789796074873,-0.06554059651757449
2023-06-09,0.021025195135070174,-0.02066600734253843,-0.042377581921705376
2023-06-12,-0.01760686008190837,-0.032656802330005674,-0.04232673647438423
2023-06-13,-0.014139471022802663,0.0112868792572558,0.008849529684359148
2023-06-14,-0.00044039598871981056,-0.002952846257408659,-0.044258397676563366
2023-06-15,0.008307041932144932,0.01069192711333411,0.036921162045623124
2023-06-16,0.002496485777848223,0.008269327799607318,0.005833854775063374
2023-06-19,-0.004606947400243255,0.0019457639069708765,-0.012549972534179665
2023-06-20,-0.009319510893652794,0.017698737580326807,0.05235706137163754
2023-06-21,0.0005681230649448032,0.006883893476300029,-0.0310349655555765
2023-06-22,0.0038491685228594363,0.011823753550932459,0.06336276788880446
2023-06-23,0.0018857138127754691,-0.006080385427666313,0.009246267550119258
2023-06-26,0.0015056913743709543,0.0073123694516177284,0.030538618603692225
2023-06-27,0.00332019519009763,0.007757419361643425,-0.007273684933137958
2023-06-28,0.007929486710332334,-0.0015536118932711895,0.009814554993405888
2023-06-29,0.005699177222070917,-0.020252767418888262,-0.056478704568676985
2023-06-30,0.010963954243617957,0.0029841060910491546,0.04585589810206048
2023-07-03,0.0029245132577999655,-0.007917791741617108,-0.0322712435275504
2023-07-04,-0.002570960148654433,0.0008465132011481469,-0.018760845523390857
2023-07-05,0.005952821629432892,-0.007829126430308975,-0.01653843794670573
2023-07-06,0.0018910288661166952,0.0061373875186376825,0.002575935743848623
2023-07-07,0.009925295374671128,0.00973087757934965,0.03795812428442069
2023-07-10,0.007837873414510588,-0.01845907502046329,-0.016393416920415627
2023-07-11,0.0011964637298931269,-0.0013189396904250694,0.04183284569452206
2023-07-12,-0.014161104283706205,-0.001247213910021694,0.04904058305110959
2023-07-13,-0.003697065133389854,-0.016381373786127806,-0.0844593239607937
2023-07-14,0.013566039713223788,0.010007518416739192,0.026289605928169646
2023-07-17,0.004621447972076087,0.020901119350596575,0.04577608406578748
2023-07-18,-0.015294322181522935,0.02134227040300818,0.008666077418469476
2023-07-19,-0.0010921051193962805,0.009360817206253591,0.007364189890953776
2023-07-20,0.005344824315204777,0.008407420794678933,0.0020886633855721204
2023-07-21,0.008881189455297811,0.001741806636088361,-0.015241628421408637
2023-07-24,0.0004790726832468728,0.008833038156700557,0.004806404196833203
2023-07-25,-0.0055066023617657,-0.009973510257990315,-0.0029402649901351108
2023-07-26,-0.008004801135022999,0.018291021930091356,0.07359155565707187
2023-07-27,-0.004004385437786251,-0.007795947748408194,-0.02324531900421767
2023-07-28,-0.005726145316433451,-0.004043404389878602,0.04931794333683115
2023-07-31,-0.0026957596511075765,-0.010011240638765684,0.017080017089843746
2023-08-01,-0.013392366326718474,0.006850210378096522,0.010815214909361437
2023-08-02,0.004919025411392441,-0.001851286862293855,-0.01089404681602335
2023-08-03,6.201135202710262e-05,-0.007627976429086858,0.024545630573566513
2023-08-04,0.004089237096366105,0.00532698116791086,0.004492104223754234
2023-08-07,-0.00043198982498271477,-0.02233328033310933,-0.013798172234708361
2023-08-08,-0.005062063027529873,-0.008462262879768812,-0.03488095932262847
2023-08-09,-0.004157070049725209,-0.0014144572033435443,-0.03357160254966751
2023-08-10,-0.0013083672853171358,-0.001152440155646084,0.03914235030998814
2023-08-11,-0.004741526128949736,-0.015670728879307982,-0.03698816351676526
2023-08-14,0.0010029506127737786,0.01262377918933244,0.015238957526229946
2023-08-15,0.006011674264255973,0.00663120484743307,-0.014110416966225725
2023-08-16,-0.0008714635419234673,-0.0038805813402242872,-0.009458613360014412
2023-08-17,0.005918809431095795,0.001154380155471646,-0.08782510719719305
2023-08-18,0.0008669928023015139,0.006773607248991453,0.00624426350457119
2023-08-21,0.015470364156840333,-0.0009542866845149156,0.0018707960177875016
2023-08-22,0.001096896825952598,-0.006256972283399276,0.008015641700267029
2023-08-23,0.0011564213933203948,0.00144185584424239,-0.001987992760882462
2023-08-24,0.003952154397963481,0.0034556791844708723,-0.0008601676940163117
2023-08-25,-0.013868713526910659,0.0014825923866221835,-0.008382378207102636
2023-08-28,0.0038076687358539196,0.020846327360725336,-0.004021041161846095
2023-08-29,0.014744585427911128,-0.006806829246168822,-0.019819274670942355
2023-08-30,-0.01320401204111965,0.00030620043148732456,0.21919035070290427
2023-08-31,-0.01704632809707496,0.008052110976800142,0.03343823359841336
2023-09-01,0.00447530538592833,-0.0036435784588774167,-0.024815158866218545
2023-09-04,-0.009344247874532252,0.012564772201894447,-0.01139012091242797
2023-09-05,0.0032481876148389155,0.00134276926683774,-0.007590942139718337
2023-09-06,-0.00466966825133619,-0.060527610420409994,-0.029897037679701755
2023-09-07,0.0016890352770415618,0.00989284667930157,-0.003482130697311625
2023-09-08,-0.011802813125210698,-0.004654317098609639,-0.024660613282231236
2023-09-11,0.0006951999780049345,0.007344704341786912,0.03541429020427711
2023-09-12,-0.0029681716352569776,0.021192877289103018,0.14751032444224466
2023-09-13,-0.007284095259811663,0.01249464519404797,0.02904379065700735
2023-09-14,-0.008039237138786404,-0.006793154346664498,0.08187665372925301
2023-09-15,-0.002765870209211041,-0.01072096525806343,0.08959591143118995
2023-09-18,-0.015479739003611659,0.01200939450109395,-0.06145717075892854
2023-09-19,0.003930730031648233,0.005129700744709753,0.005327407385385952
2023-09-20,-0.00894031553173913,0.0039746253666170794,-0.05771559508909463
2023-09-21,0.014025163172364685,-0.02785268571410382,0.030657525449785616
2023-09-22,0.005000177472720191,0.0018312696490434544,0.056186046847983784
2023-09-25,-0.011436528190106543,0.004882627936547923,0.021432396454288627
2023-09-26,0.0007191137069384457,-0.005505230286540819,-0.011473991967350106
2023-09-27,0.01560949959360336,-0.004316670361050656,-0.006987644766217049
2023-09-28,-0.002121939853740429,0.010003080764387828,0.038040225983177356
2023-09-29,0.003931137666742357,0.004292594876669442,-0.039624464821427674
2023-10-02,-0.00012940973916208964,0.021968010798594007,-0.001063189566898104
2023-10-03,0.005694867794679093,-0.011682454432063394,-0.015788061864523528
2023-10-04,-0.002509575973424605,0.0011111834708581458,0.03685898787510977
2023-10-05,-0.0013547334230777919,0.017758474156950088,0.034563659025395044
2023-10-06,-0.015762187132274064,0.0005104735006342676,-0.01587830229999254
2023-10-09,-0.012404976891255748,0.01442473764401897,0.018524782309774723
2023-10-10,-0.006313282678997112,0.011887983220080889,0.03229681165351517
2023-10-11,-0.001404686991646864,0.0021462914358996166,0.053397958017247005
2023-10-12,0.0019423277735295397,0.005523350905126678,0.0014644862094215227
2023-10-13,-0.0024735059256983938,-0.006031244920163381,0.02873337295448497
2023-10-16,-0.017355568371981045,0.012767189576626592,0.05930322291934931
2023-10-17,-0.0027277376886861715,0.0012693948671071986,-0.015702575706076027
2023-10-18,0.002598335962299414,-0.005093828947443257,0.04336284290396253
2023-10-19,-0.018892116246105095,0.009658584560373606,0.06141250567967771
2023-10-20,0.01779617642730602,0.006355397478788216,0.036369912179738284
2023-10-23,-0.011337986010868883,-0.037561106548476775,-0.0827949436951747
2023-10-24,-0.00808298121081219,-0.0008231042343443962,-0.008997322180141931
2023-10-25,0.006198704962190105,-0.0009838290069369426,-0.034642491239586515
2023-10-26,0.005537418612191702,-0.0030920846711629535,0.022657123925894362
2023-10-27,0.003992580093472586,0.00937383721687568,0.07357174228224572
2023-10-30,-0.0018512853854140143,-0.0027769667322976588,-0.017629994630971146
2023-10-31,-0.0036403706484174903,-0.01730151383322842,-0.04947922616674816
2023-11-01,-0.011789253724380777,-0.01323959239956407,-0.03301209257078741
